2025-04-28_19-02-38,Execução Livre,draft.go:2025-04-28_19-02-38
2025-04-28_19-02-59,020%,draft.go:2025-04-28_19-02-38
2025-04-28_19-03-18,020%,draft.go:2025-04-28_19-03-18
2025-04-28_19-07-16,080%,draft.go:2025-04-28_19-07-16
2025-04-28_19-07-31,080%,draft.go:2025-04-28_19-07-31
2025-04-28_19-09-00,Execução Livre,draft.go:2025-04-28_19-07-31
2025-04-28_19-10-16,080%,draft.go:2025-04-28_19-10-16
2025-04-28_19-13-14,080%,draft.go:2025-04-28_19-13-14
2025-04-28_19-14-56,080%,draft.go:2025-04-28_19-14-56
2025-04-28_19-15-37,100%,draft.go:2025-04-28_19-15-37
