2025-04-28_20-01-18,000%,draft.go:2025-04-28_20-01-18
2025-04-28_20-01-22,000%,draft.go:2025-04-28_20-01-18
2025-04-28_20-01-26,000%,draft.go:2025-04-28_20-01-18
2025-04-28_20-01-30,000%,draft.go:2025-04-28_20-01-18
2025-04-28_20-02-01,000%,draft.go:2025-04-28_20-02-01
2025-04-28_20-07-25,000%,draft.go:2025-04-28_20-07-25
2025-04-28_20-08-42,000%,draft.go:2025-04-28_20-08-42
2025-04-28_20-08-55,000%,draft.go:2025-04-28_20-08-55
2025-04-28_20-09-04,000%,draft.go:2025-04-28_20-09-04
2025-04-28_20-09-39,000%,draft.go:2025-04-28_20-09-39
2025-04-28_20-10-57,000%,draft.go:2025-04-28_20-10-57
2025-04-28_20-12-13,000%,draft.go:2025-04-28_20-12-13
2025-04-28_20-12-56,000%,draft.go:2025-04-28_20-12-56
2025-04-28_20-12-59,000%,draft.go:2025-04-28_20-12-56
2025-04-28_20-13-12,000%,draft.go:2025-04-28_20-13-12
2025-04-28_20-13-28,000%,draft.go:2025-04-28_20-13-28
2025-04-28_20-14-08,100%,draft.go:2025-04-28_20-14-08
