ab0c1f,2025-04-16 18:55:55,OPEN,,
446275,2025-04-16 18:56:01,QUIT,,
4d6c96,2025-04-16 18:57:22,OPEN,,
199356,2025-04-16 18:57:26,DOWN,tres,
eaf90e,2025-04-16 18:57:28,PICK,tres,
b92489,2025-04-16 18:57:46,BACK,tres,
9665b1,2025-04-16 19:05:42,PICK,tres,
d53689,2025-04-16 19:05:47,TEST,tres,0
66bf96,2025-04-16 19:11:54,FREE,tres,
609353,2025-04-16 19:12:47,FREE,tres,
b61c37,2025-04-16 19:24:21,TEST,tres,0
78d574,2025-04-16 19:24:22,TEST,tres,0
22160f,2025-04-16 19:24:24,FREE,tres,
093b37,2025-04-16 19:24:28,TEST,tres,0
117039,2025-04-16 19:24:45,TEST,tres,0
84ed61,2025-04-16 19:24:46,TEST,tres,0
ad51c7,2025-04-16 19:24:47,TEST,tres,0
82e735,2025-04-16 19:24:47,TEST,tres,0
1cafd4,2025-04-16 19:24:47,TEST,tres,0
48e1ff,2025-04-16 19:24:48,TEST,tres,0
df4b3d,2025-04-16 19:24:48,TEST,tres,0
7e2bdc,2025-04-16 19:24:48,TEST,tres,0
b4568d,2025-04-16 19:24:49,TEST,tres,0
05946a,2025-04-16 19:24:49,TEST,tres,0
31acbf,2025-04-16 19:24:49,TEST,tres,0
c61968,2025-04-16 19:24:49,TEST,tres,0
8efed1,2025-04-16 19:24:49,TEST,tres,0
f57bcf,2025-04-16 19:24:49,TEST,tres,0
cecff4,2025-04-16 19:24:49,TEST,tres,0
52361e,2025-04-16 19:24:49,TEST,tres,0
7001e9,2025-04-16 19:24:49,TEST,tres,0
439239,2025-04-16 19:24:49,TEST,tres,0
a05400,2025-04-16 19:24:49,TEST,tres,0
24810b,2025-04-16 19:24:50,TEST,tres,0
4f30b8,2025-04-16 19:24:50,TEST,tres,0
91ff1f,2025-04-16 19:24:50,TEST,tres,0
f6c70d,2025-04-16 19:24:50,TEST,tres,0
c800b5,2025-04-16 19:24:50,TEST,tres,0
7b9081,2025-04-16 19:24:50,TEST,tres,0
0f4f7f,2025-04-16 19:24:51,TEST,tres,0
0bc6d0,2025-04-16 19:24:51,TEST,tres,0
4b5936,2025-04-16 19:24:51,TEST,tres,0
14c2fe,2025-04-16 19:24:51,TEST,tres,0
b1140b,2025-04-16 19:24:51,TEST,tres,0
88c731,2025-04-16 19:24:51,TEST,tres,0
733fd4,2025-04-16 19:24:51,TEST,tres,0
608464,2025-04-16 19:24:52,TEST,tres,0
2bc0db,2025-04-16 19:24:52,TEST,tres,0
502c39,2025-04-16 19:24:52,TEST,tres,0
d973fe,2025-04-16 19:24:52,TEST,tres,0
e0f257,2025-04-16 19:24:52,TEST,tres,0
21af84,2025-04-16 19:24:52,TEST,tres,0
af4dd8,2025-04-16 19:24:52,TEST,tres,0
19c25d,2025-04-16 19:24:52,TEST,tres,0
5d05e1,2025-04-16 19:24:52,TEST,tres,0
331dfa,2025-04-16 19:24:52,TEST,tres,0
a56be9,2025-04-16 19:24:52,TEST,tres,0
75696d,2025-04-16 19:24:52,TEST,tres,0
a0b22d,2025-04-16 19:24:52,TEST,tres,0
526fe4,2025-04-16 19:24:52,TEST,tres,0
444887,2025-04-16 19:24:53,TEST,tres,0
c2d38b,2025-04-16 19:24:53,TEST,tres,0
7b55e2,2025-04-16 19:24:53,TEST,tres,0
30dcd4,2025-04-16 19:24:53,TEST,tres,0
aebd3a,2025-04-16 19:24:53,TEST,tres,0
c5b403,2025-04-16 19:24:53,TEST,tres,0
a59088,2025-04-16 19:24:53,TEST,tres,0
b27e8b,2025-04-16 19:24:54,TEST,tres,0
e19fab,2025-04-16 19:24:55,TEST,tres,0
363291,2025-04-16 19:24:55,TEST,tres,0
4ee011,2025-04-16 19:24:56,TEST,tres,0
517e5f,2025-04-16 19:24:56,TEST,tres,0
6d8e4f,2025-04-16 19:24:57,TEST,tres,0
4aeb8e,2025-04-16 19:24:58,TEST,tres,0
a30378,2025-04-16 19:24:58,TEST,tres,0
b33db1,2025-04-16 19:24:58,TEST,tres,0
708610,2025-04-16 19:24:58,TEST,tres,0
702d3e,2025-04-16 19:24:58,TEST,tres,0
271f91,2025-04-16 19:24:58,TEST,tres,0
a9c39d,2025-04-16 19:24:59,TEST,tres,0
af048a,2025-04-16 19:24:59,TEST,tres,0
a9bedf,2025-04-16 19:24:59,TEST,tres,0
583adb,2025-04-16 19:24:59,TEST,tres,0
562398,2025-04-16 19:24:59,TEST,tres,0
2021ce,2025-04-16 19:24:59,TEST,tres,0
c859f4,2025-04-16 19:24:59,TEST,tres,0
7110ef,2025-04-16 19:24:59,TEST,tres,0
2c6aef,2025-04-16 19:24:59,TEST,tres,0
b5e0bb,2025-04-16 19:24:59,TEST,tres,0
ae50a6,2025-04-16 19:24:59,TEST,tres,0
2d47de,2025-04-16 19:24:59,TEST,tres,0
1c10d1,2025-04-16 19:24:59,TEST,tres,0
004c59,2025-04-16 19:25:00,TEST,tres,0
e9adea,2025-04-16 19:25:00,TEST,tres,0
460546,2025-04-16 19:25:00,TEST,tres,0
8962b7,2025-04-16 19:25:00,TEST,tres,0
5b54da,2025-04-16 19:25:00,TEST,tres,0
af37bc,2025-04-16 19:25:00,TEST,tres,0
39abc7,2025-04-16 19:25:00,TEST,tres,0
29801a,2025-04-16 19:25:00,TEST,tres,0
79413c,2025-04-16 19:25:00,TEST,tres,0
306979,2025-04-16 19:25:00,TEST,tres,0
544b7b,2025-04-16 19:25:00,TEST,tres,0
2e0d4d,2025-04-16 19:25:00,TEST,tres,0
383810,2025-04-16 19:25:00,TEST,tres,0
48f255,2025-04-16 19:25:01,TEST,tres,0
244236,2025-04-16 19:25:01,TEST,tres,0
c31ace,2025-04-16 19:25:01,TEST,tres,0
80239f,2025-04-16 19:25:01,TEST,tres,0
d529d1,2025-04-16 19:25:01,TEST,tres,0
d0b337,2025-04-16 19:25:01,TEST,tres,0
73d38c,2025-04-16 19:25:01,TEST,tres,0
d04746,2025-04-16 19:25:01,TEST,tres,0
81fb03,2025-04-16 19:25:01,TEST,tres,0
849553,2025-04-16 19:25:01,TEST,tres,0
2f2148,2025-04-16 19:25:01,TEST,tres,0
f373ea,2025-04-16 19:25:01,TEST,tres,0
f67e9f,2025-04-16 19:25:01,TEST,tres,0
7f983b,2025-04-16 19:25:02,TEST,tres,0
19cfe9,2025-04-16 19:25:02,TEST,tres,0
c90e1e,2025-04-16 19:25:02,TEST,tres,0
09ee03,2025-04-16 19:25:02,TEST,tres,0
b30495,2025-04-16 19:25:02,TEST,tres,0
fb39d4,2025-04-16 19:25:02,TEST,tres,0
99ce68,2025-04-16 19:25:02,TEST,tres,0
c528a9,2025-04-16 19:25:02,TEST,tres,0
78d8ca,2025-04-16 19:25:02,TEST,tres,0
163a3a,2025-04-16 19:25:02,TEST,tres,0
d6136e,2025-04-16 19:25:02,TEST,tres,0
708d26,2025-04-16 19:25:02,TEST,tres,0
b981df,2025-04-16 19:25:02,TEST,tres,0
6f235a,2025-04-16 19:25:02,TEST,tres,0
68e6b0,2025-04-16 19:25:03,TEST,tres,0
58c221,2025-04-16 19:25:03,TEST,tres,0
b701f5,2025-04-16 19:25:03,TEST,tres,0
bb8528,2025-04-16 19:25:03,TEST,tres,0
92f276,2025-04-16 19:25:03,TEST,tres,0
4d9e33,2025-04-16 19:25:03,TEST,tres,0
0f35f7,2025-04-16 19:25:03,TEST,tres,0
41961d,2025-04-16 19:25:03,TEST,tres,0
fb0537,2025-04-16 19:25:03,TEST,tres,0
f659dd,2025-04-16 19:25:03,TEST,tres,0
ddeb4c,2025-04-16 19:25:03,TEST,tres,0
703d88,2025-04-16 19:25:03,TEST,tres,0
893356,2025-04-16 19:25:03,TEST,tres,0
a7ed91,2025-04-16 19:25:03,TEST,tres,0
fbd7c4,2025-04-16 19:25:03,TEST,tres,0
7490a6,2025-04-16 19:25:04,TEST,tres,0
c9fa00,2025-04-16 19:25:04,TEST,tres,0
715ce7,2025-04-16 19:25:04,TEST,tres,0
ab844e,2025-04-16 19:25:04,TEST,tres,0
b126f1,2025-04-16 19:25:04,TEST,tres,0
1597fc,2025-04-16 19:25:04,TEST,tres,0
511203,2025-04-16 19:25:04,TEST,tres,0
e42800,2025-04-16 19:25:04,TEST,tres,0
ac9634,2025-04-16 19:25:04,TEST,tres,0
1352e4,2025-04-16 19:25:04,TEST,tres,0
572e0a,2025-04-16 19:25:04,TEST,tres,0
e5602f,2025-04-16 19:25:04,TEST,tres,0
58646d,2025-04-16 19:25:04,TEST,tres,0
2b16e6,2025-04-16 19:25:55,FREE,tres,
eb8aae,2025-04-16 19:27:52,TEST,tres,0
3c0048,2025-04-16 19:28:13,TEST,tres,0
36f2a1,2025-04-16 19:29:09,TEST,tres,0
eefd73,2025-04-16 19:30:44,TEST,tres,0
9e4691,2025-04-16 19:30:54,TEST,tres,0
8bb660,2025-04-16 19:31:05,TEST,tres,0
20c2e8,2025-04-16 19:31:53,TEST,tres,100
f0d6ad,2025-04-16 19:32:03,TEST,tres,100
1c07ce,2025-04-16 19:32:09,TEST,tres,100
cd4d85,2025-04-16 19:32:29,BACK,tres,
448805,2025-04-16 19:32:36,DOWN,resto,
d8e38d,2025-04-16 19:32:38,PICK,resto,
4626bc,2025-04-16 19:34:23,BACK,resto,
e41bb6,2025-04-16 19:34:30,PICK,tres,
72503b,2025-04-16 19:34:32,TEST,tres,100
ffcc3d,2025-04-16 19:34:37,TEST,tres,100
4c87df,2025-04-16 19:34:38,TEST,tres,100
171aef,2025-04-16 19:34:38,TEST,tres,100
48abf4,2025-04-16 19:34:39,TEST,tres,100
49a8cf,2025-04-16 19:34:39,TEST,tres,100
bef290,2025-04-16 19:34:39,TEST,tres,100
25d6fa,2025-04-16 19:34:39,TEST,tres,100
949a0c,2025-04-16 19:34:39,TEST,tres,100
dec913,2025-04-16 19:34:40,TEST,tres,100
373782,2025-04-16 19:34:44,BACK,tres,
e48437,2025-04-16 19:35:38,SELF,tres,"{c:100,a:5,s:3}"
2cfffe,2025-04-16 19:35:45,PICK,resto,
79d57e,2025-04-16 19:35:48,TEST,resto,0
c6b893,2025-04-16 19:40:01,TEST,resto,0
16270b,2025-04-16 19:42:39,TEST,resto,0
fb4a68,2025-04-16 19:43:02,TEST,resto,0
606d30,2025-04-16 19:44:20,TEST,resto,0
fe14d3,2025-04-16 19:51:19,TEST,resto,0
3d7413,2025-04-16 19:51:30,TEST,resto,100
43fe08,2025-04-16 19:51:44,TEST,resto,100
5b1e6c,2025-04-16 19:51:45,FREE,resto,
a7a72a,2025-04-16 19:52:55,TEST,resto,100
8622ae,2025-04-16 19:53:00,BACK,resto,
1a6be6,2025-04-16 19:53:26,SELF,resto,"{c:100,a:6,s:4}"
92cf06,2025-04-16 19:54:01,DOWN,media,
4811e1,2025-04-16 19:54:02,PICK,media,
57b841,2025-04-16 19:54:10,TEST,media,0
c7fdc5,2025-04-16 19:56:45,TEST,media,0
537850,2025-04-16 19:58:03,TEST,media,0
b723e4,2025-04-16 19:58:12,TEST,media,0
910929,2025-04-16 19:58:25,TEST,media,100
1f9914,2025-04-16 19:59:18,BACK,media,
a9deb6,2025-04-16 19:59:46,SELF,media,"{c:100,a:5,s:5}"
e7ff5b,2025-04-16 19:59:56,DOWN,sobrou,
1863bf,2025-04-16 19:59:57,PICK,sobrou,
56389c,2025-04-16 20:00:16,BACK,sobrou,
7935f8,2025-04-16 20:00:17,PICK,sobrou,
d7c353,2025-04-16 20:00:18,TEST,sobrou,0
37335d,2025-04-16 20:00:21,TEST,sobrou,0
b67e48,2025-04-16 20:00:21,BACK,sobrou,
062398,2025-04-16 20:00:35,PICK,sobrou,
10993c,2025-04-16 20:00:38,TEST,sobrou,0
dd4bb0,2025-04-16 20:00:40,TEST,sobrou,0
d5a5bd,2025-04-16 20:01:07,BACK,sobrou,
0c2b4d,2025-04-16 20:01:12,PICK,sobrou,
79a66f,2025-04-16 20:01:15,TEST,sobrou,0
e29c83,2025-04-16 20:01:16,TEST,sobrou,0
9cbcf6,2025-04-16 20:01:21,BACK,sobrou,
41beab,2025-04-16 20:01:56,PICK,sobrou,
2a7edc,2025-04-16 20:01:58,TEST,sobrou,0
e15d98,2025-04-16 20:02:15,BACK,sobrou,
4a1b85,2025-04-16 20:03:15,PICK,sobrou,
f90a98,2025-04-16 20:18:35,TEST,sobrou,0
e155ba,2025-04-20 20:40:18,OPEN,,
4610f4,2025-04-20 20:40:25,PICK,sobrou,
ebe0ba,2025-04-20 20:41:19,TEST,sobrou,0
93db16,2025-04-20 20:41:39,TEST,sobrou,0
f44b09,2025-04-20 20:42:09,TEST,sobrou,0
688dfa,2025-04-20 20:42:36,FREE,sobrou,
492094,2025-04-20 20:44:18,FREE,sobrou,
bcc178,2025-04-20 20:44:48,TEST,sobrou,0
6f9c23,2025-04-20 20:44:48,TEST,sobrou,0
dc3723,2025-04-20 20:44:49,TEST,sobrou,0
7ed6a0,2025-04-20 20:44:49,TEST,sobrou,0
ba25a5,2025-04-20 20:44:50,TEST,sobrou,0
2ef333,2025-04-20 20:44:50,TEST,sobrou,0
489311,2025-04-20 20:44:50,TEST,sobrou,0
eb722e,2025-04-20 20:44:51,TEST,sobrou,0
66cb5c,2025-04-20 20:44:51,TEST,sobrou,0
b2b3e3,2025-04-20 20:44:52,TEST,sobrou,0
0206ea,2025-04-20 20:44:52,TEST,sobrou,0
fec6d1,2025-04-20 20:44:52,TEST,sobrou,0
58aa18,2025-04-20 20:44:52,TEST,sobrou,0
025894,2025-04-20 20:44:52,TEST,sobrou,0
0bccc8,2025-04-20 20:46:20,FREE,sobrou,
5031b7,2025-04-20 20:46:55,TEST,sobrou,0
f5b5b6,2025-04-20 20:46:56,TEST,sobrou,0
65bfb8,2025-04-20 20:46:56,TEST,sobrou,0
059927,2025-04-20 20:46:57,TEST,sobrou,0
a7b485,2025-04-20 20:46:57,TEST,sobrou,0
d436a6,2025-04-20 20:46:57,TEST,sobrou,0
38f2dc,2025-04-20 20:46:57,TEST,sobrou,0
f0af06,2025-04-20 20:46:57,TEST,sobrou,0
3dd43e,2025-04-20 20:46:58,TEST,sobrou,0
9d45ab,2025-04-20 20:46:58,TEST,sobrou,0
37d5cf,2025-04-20 21:26:49,OPEN,,
32759b,2025-04-20 21:26:49,PICK,sobrou,
018876,2025-04-20 21:26:49,TEST,sobrou,0
661291,2025-04-20 21:27:58,TEST,sobrou,0
3d5447,2025-04-20 21:30:33,FREE,sobrou,
8395ca,2025-04-20 21:30:59,TEST,sobrou,0
51e3ea,2025-04-20 21:35:19,TEST,sobrou,0
dc6e67,2025-04-21 20:22:34,OPEN,,
c1ccb8,2025-04-21 20:22:46,PICK,sobrou,
76edb0,2025-04-21 20:25:03,TEST,sobrou,0
2744d3,2025-04-21 20:28:26,TEST,sobrou,0
fb5fbe,2025-04-21 20:28:29,TEST,sobrou,0
7908e3,2025-04-21 20:28:30,TEST,sobrou,0
f230d9,2025-04-21 20:29:21,BACK,sobrou,
c05e26,2025-04-21 20:29:29,DOWN,pintando,
b15749,2025-04-21 20:29:56,PICK,pintando,
fae86d,2025-04-21 20:35:15,TEST,pintando,0
2ecc5c,2025-04-21 20:37:29,TEST,pintando,0
e171a6,2025-04-21 20:37:29,TEST,pintando,0
996a6b,2025-04-21 20:37:30,TEST,pintando,0
8e2a3d,2025-04-21 20:37:31,TEST,pintando,0
262be8,2025-04-21 20:37:31,TEST,pintando,0
10aa03,2025-04-21 20:39:52,TEST,pintando,0
51f640,2025-04-21 20:42:04,TEST,pintando,0
46bc1b,2025-04-21 20:42:17,TEST,pintando,0
ada10d,2025-04-21 20:42:18,TEST,pintando,0
986efa,2025-04-21 20:43:27,TEST,pintando,0
bf36f3,2025-04-21 20:44:01,TEST,pintando,0
9fce4e,2025-04-21 20:47:52,TEST,pintando,0
3aeffa,2025-04-21 20:48:22,TEST,pintando,0
51212c,2025-04-21 20:49:17,TEST,pintando,0
6a5cb8,2025-04-21 20:50:28,TEST,pintando,0
592772,2025-04-21 20:52:20,BACK,pintando,
77d29c,2025-04-21 20:52:26,PICK,tres,
0bb44f,2025-04-21 20:52:53,TEST,tres,0
1c27d9,2025-04-21 20:53:07,TEST,tres,0
226b9f,2025-04-21 20:53:08,TEST,tres,0
f793a5,2025-04-21 20:53:09,TEST,tres,0
3281f8,2025-04-21 20:53:09,TEST,tres,0
deb78e,2025-04-21 20:53:09,TEST,tres,0
b08a7a,2025-04-21 20:53:10,TEST,tres,0
31210a,2025-04-21 20:53:10,TEST,tres,0
e95071,2025-04-21 20:53:10,TEST,tres,0
364c64,2025-04-21 20:53:10,TEST,tres,0
de83bd,2025-04-21 20:53:11,TEST,tres,0
16482f,2025-04-21 20:53:11,TEST,tres,0
1944ef,2025-04-21 20:53:11,TEST,tres,0
31393b,2025-04-21 20:53:11,TEST,tres,0
8e960d,2025-04-21 20:53:11,TEST,tres,0
2497db,2025-04-21 20:53:11,TEST,tres,0
064a01,2025-04-21 20:53:11,TEST,tres,0
d0fb37,2025-04-21 20:53:11,TEST,tres,0
47ede0,2025-04-21 20:53:11,TEST,tres,0
71bb5f,2025-04-21 20:53:11,TEST,tres,0
ef8d5c,2025-04-21 20:53:11,TEST,tres,0
e79bdd,2025-04-21 20:53:11,TEST,tres,0
7b89ad,2025-04-21 20:53:11,TEST,tres,0
017108,2025-04-21 20:53:11,TEST,tres,0
8787b5,2025-04-21 20:53:11,TEST,tres,0
77b063,2025-04-21 20:53:12,TEST,tres,0
5493bd,2025-04-21 20:53:12,TEST,tres,0
1d83bf,2025-04-21 20:53:12,TEST,tres,0
ddc563,2025-04-21 20:53:12,TEST,tres,0
c49708,2025-04-21 20:53:12,TEST,tres,0
cfdc05,2025-04-21 20:53:12,TEST,tres,0
4f9e89,2025-04-21 20:53:12,TEST,tres,0
cd0e73,2025-04-21 20:53:12,TEST,tres,0
061c66,2025-04-21 20:53:12,TEST,tres,0
6855d0,2025-04-21 20:53:12,TEST,tres,0
0e2562,2025-04-21 20:53:12,TEST,tres,0
c2763c,2025-04-21 20:53:12,TEST,tres,0
85edb1,2025-04-21 20:53:12,TEST,tres,0
70571b,2025-04-21 20:53:12,TEST,tres,0
caf643,2025-04-21 20:53:12,TEST,tres,0
73db1f,2025-04-21 20:53:12,TEST,tres,0
e6bfc0,2025-04-21 20:53:12,TEST,tres,0
278c40,2025-04-21 20:53:12,TEST,tres,0
b093a8,2025-04-21 20:53:12,TEST,tres,0
c27ecb,2025-04-21 20:53:12,TEST,tres,0
d4c750,2025-04-21 20:53:13,TEST,tres,0
e78497,2025-04-21 20:53:13,TEST,tres,0
cf1d68,2025-04-21 20:53:13,TEST,tres,0
33ba73,2025-04-21 20:53:17,TEST,tres,0
65445f,2025-04-21 20:53:17,TEST,tres,0
ec3553,2025-04-21 20:53:18,TEST,tres,0
cb0564,2025-04-21 20:53:53,TEST,tres,0
077d85,2025-04-21 20:53:54,TEST,tres,0
0968f8,2025-04-21 20:53:54,TEST,tres,0
69085f,2025-04-21 20:53:54,TEST,tres,0
2ba751,2025-04-21 20:53:55,TEST,tres,0
c6967a,2025-04-21 20:53:55,TEST,tres,0
ee38d4,2025-04-21 20:53:58,TEST,tres,0
7736fa,2025-04-21 20:53:59,TEST,tres,0
50735f,2025-04-21 20:54:48,TEST,tres,0
4a01fe,2025-04-21 20:54:49,TEST,tres,0
98fb3d,2025-04-21 20:54:49,TEST,tres,0
0715a0,2025-04-21 20:54:49,TEST,tres,0
d6db60,2025-04-21 20:54:49,TEST,tres,0
fb1b60,2025-04-21 20:54:50,TEST,tres,0
29e4b5,2025-04-21 20:55:11,TEST,tres,0
0a857f,2025-04-21 20:55:13,TEST,tres,0
2bc80c,2025-04-22 18:40:16,OPEN,,
3ab7a7,2025-04-22 18:40:24,PICK,sobrou,
cc4e2f,2025-04-22 18:40:45,TEST,sobrou,0
996770,2025-04-22 18:44:43,BACK,sobrou,
08d983,2025-04-22 18:44:44,PICK,sobrou,
9ee463,2025-04-22 18:44:51,TEST,sobrou,0
8c96c7,2025-04-22 18:46:14,BACK,sobrou,
e47f0d,2025-04-22 19:25:01,PICK,sobrou,
91ac8f,2025-04-22 19:25:02,TEST,sobrou,0
d65dbe,2025-04-22 19:25:48,TEST,sobrou,0
e464f3,2025-04-22 19:26:06,BACK,sobrou,
8c6906,2025-04-22 19:26:09,PICK,tres,
e6053f,2025-04-22 19:26:11,TEST,tres,0
d81585,2025-04-22 19:27:18,FREE,tres,
ef4ae1,2025-04-22 19:27:53,BACK,tres,
96d2e1,2025-04-22 19:28:27,OPEN,,
08ec22,2025-04-22 19:28:52,PICK,tres,
4101d5,2025-04-22 19:28:55,BACK,tres,
98c413,2025-04-22 19:29:55,PICK,tres,
4cd0cb,2025-04-22 19:29:59,TEST,tres,0
7b55de,2025-04-22 19:30:07,BACK,tres,
a2d2bc,2025-04-22 19:31:12,OPEN,,
600e8a,2025-04-22 19:31:14,PICK,tres,
8c9a82,2025-04-22 19:31:15,TEST,tres,0
e61a98,2025-04-22 19:31:29,TEST,tres,0
7d77c8,2025-04-22 19:31:38,TEST,tres,0
e0ab8e,2025-04-22 19:31:58,TEST,tres,100
04444d,2025-04-22 19:32:05,BACK,tres,
31db31,2025-04-22 19:32:09,PICK,sobrou,
fe62af,2025-04-22 19:32:24,TEST,sobrou,100
8a0de6,2025-04-22 19:32:30,BACK,sobrou,
839566,2025-04-22 19:32:41,SELF,sobrou,"{c:100,a:0,s:0}"
47cf53,2025-04-22 19:33:45,SELF,sobrou,"{c:100,a:0,s:0}"
69f41b,2025-04-22 19:33:46,PICK,sobrou,
793ac2,2025-04-22 19:33:48,TEST,sobrou,100
3083cd,2025-04-22 19:37:07,BACK,sobrou,
e967fb,2025-04-22 19:37:40,SELF,sobrou,"{c:100,a:0,s:0}"
f29df7,2025-04-22 19:38:18,SELF,sobrou,"{c:80,a:6,s:5}"
33c1b7,2025-04-22 19:38:25,DOWN,segundos,
ee0b6e,2025-04-22 19:54:01,PICK,segundos,
636333,2025-04-22 19:55:31,BACK,segundos,
3f6321,2025-04-22 19:55:45,DOWN,quantos,
51065f,2025-04-22 20:02:19,DOWN,meio,
b0ebb5,2025-04-22 20:08:03,DOWN,impar,
3e8698,2025-04-23 02:31:39,OPEN,,
c1f6aa,2025-04-23 02:32:08,SELF,sobrou,"{c:90,a:6,s:5}"
184ec9,2025-04-23 02:32:15,PICK,segundos,
d848bd,2025-04-23 02:36:14,TEST,segundos,100
434789,2025-04-23 02:36:15,TEST,segundos,100
7df329,2025-04-23 02:36:23,BACK,segundos,
bb24f5,2025-04-23 02:37:12,SELF,segundos,"{c:100,a:6,s:5}"
388263,2025-04-23 02:37:22,DOWN,celsius,
b83cec,2025-04-23 02:37:48,PICK,segundos,
e099c2,2025-04-23 02:37:58,TEST,segundos,100
aa8a57,2025-04-23 02:38:07,FREE,segundos,
4d5cbe,2025-04-23 02:40:11,TEST,segundos,0
892a40,2025-04-23 02:40:15,TEST,segundos,0
d13e44,2025-04-23 02:40:35,TEST,segundos,100
de9108,2025-04-23 02:40:39,BACK,segundos,
f2671a,2025-04-23 02:40:59,SELF,segundos,"{c:100,a:5,s:5}"
7a7a9c,2025-04-23 02:41:06,PICK,sobrou,
3aec9e,2025-04-23 02:41:21,TEST,sobrou,100
a271a0,2025-04-23 02:41:37,BACK,sobrou,
f23e9d,2025-04-23 02:41:47,PICK,celsius,
20099c,2025-04-23 02:49:11,TEST,celsius,100
03963e,2025-04-23 02:49:16,BACK,celsius,
054cb5,2025-04-23 02:49:29,SELF,celsius,"{c:100,a:6,s:5}"
672f6e,2025-04-23 02:49:33,PICK,pintando,
d13617,2025-04-23 02:50:43,TEST,pintando,0
410a1f,2025-04-23 02:51:52,TEST,pintando,0
18db81,2025-04-23 02:55:34,TEST,pintando,0
c5ff41,2025-04-23 02:56:57,OPEN,,
428c41,2025-04-23 02:57:00,PICK,pintando,
0682f2,2025-04-23 02:57:08,TEST,pintando,0
e60ed5,2025-04-23 03:02:00,TEST,pintando,0
e68219,2025-04-23 03:03:47,TEST,pintando,0
83594c,2025-04-23 03:03:48,TEST,pintando,0
5e78b6,2025-04-23 03:04:13,TEST,pintando,100
d63285,2025-04-23 03:04:58,TEST,pintando,100
522778,2025-04-23 03:05:01,BACK,pintando,
20dd1b,2025-04-23 03:05:31,SELF,pintando,"{c:100,a:5,s:5}"
f85a67,2025-04-23 03:05:37,DOWN,bala,
07fc3a,2025-04-23 03:05:57,PICK,bala,
fe12a5,2025-04-23 03:11:21,TEST,bala,66
5ac0eb,2025-04-23 03:12:21,TEST,bala,66
07b3cf,2025-04-23 03:13:05,TEST,bala,100
414fb3,2025-04-23 03:13:11,BACK,bala,
708e2a,2025-04-23 03:13:30,SELF,bala,"{c:100,a:5,s:4}"
3ad908,2025-04-23 03:13:50,SELF,tres,"{c:100,a:5,s:4}"
58de61,2025-04-23 03:14:11,DOWN,abs,
af429e,2025-04-23 03:14:53,PICK,abs,
41b86b,2025-04-23 03:22:47,TEST,abs,50
adf5ec,2025-04-23 03:23:06,TEST,abs,50
590ce2,2025-04-23 03:25:23,TEST,abs,0
d0c2a3,2025-04-23 03:26:47,TEST,abs,50
eeb230,2025-04-23 03:27:28,TEST,abs,100
3627d8,2025-04-23 03:27:34,BACK,abs,
08c9aa,2025-04-23 03:27:53,SELF,abs,"{c:90,a:4,s:4}"
3befd8,2025-04-23 03:28:11,SELF,abs,"{c:90,a:4,s:4}"
f681eb,2025-04-23 03:28:57,SELF,abs,"{c:100,a:4,s:4}"
765a67,2025-04-23 03:29:30,DOWN,positivo,
227131,2025-04-23 03:29:54,PICK,positivo,
fd4196,2025-04-23 03:32:49,TEST,positivo,0
cd888e,2025-04-23 03:33:20,TEST,positivo,100
687bb7,2025-04-23 03:33:23,BACK,positivo,
e374b5,2025-04-23 03:33:35,SELF,positivo,"{c:100,a:6,s:5}"
affb44,2025-04-23 03:34:04,DOWN,max,
437d33,2025-04-23 03:38:44,PICK,max,
6b6c86,2025-04-23 03:38:54,TEST,max,100
a750d1,2025-04-23 03:39:04,BACK,max,
e5308a,2025-04-23 03:39:41,SELF,max,"{c:100,a:6,s:5}"
adc18d,2025-04-23 03:40:21,DOWN,ou,
61f7cd,2025-04-23 03:40:38,PICK,ou,
c2e2ab,2025-04-23 03:44:26,TEST,ou,80
886620,2025-04-23 03:44:56,TEST,ou,40
3b4ba8,2025-04-23 03:45:11,TEST,ou,100
ab3183,2025-04-23 03:45:13,BACK,ou,
66bed8,2025-04-23 03:45:27,SELF,ou,"{c:100,a:5,s:5}"
698e7d,2025-04-23 03:46:10,DOWN,multiplo,
679c9d,2025-04-23 03:46:21,PICK,multiplo,
05ad91,2025-04-23 03:48:36,TEST,multiplo,100
512276,2025-04-23 03:48:38,BACK,multiplo,
d11ae4,2025-04-23 03:48:46,SELF,multiplo,"{c:100,a:6,s:5}"
06e2f3,2025-04-23 03:48:53,PICK,multiplo,
e05054,2025-04-23 03:52:38,TEST,multiplo,100
708538,2025-04-23 03:52:45,BACK,multiplo,
35b473,2025-04-23 03:53:22,DOWN,nulo,
333358,2025-04-23 03:53:30,PICK,nulo,
fd98cd,2025-04-23 03:56:23,TEST,nulo,100
0d0e3d,2025-04-23 03:56:26,BACK,nulo,
f7b886,2025-04-23 03:56:35,SELF,nulo,"{c:100,a:6,s:5}"
af9395,2025-04-23 03:57:06,PICK,nulo,
a22fce,2025-04-23 03:57:28,BACK,nulo,
febb4a,2025-04-23 03:57:32,DOWN,calc,
8fb4b4,2025-04-23 03:57:33,PICK,calc,
cccac6,2025-04-23 18:31:57,OPEN,,
77af54,2025-04-23 18:33:08,PICK,calc,
b83839,2025-04-23 18:33:42,BACK,calc,
af80cf,2025-04-23 18:33:53,SELF,calc,"{c:0,a:0,s:0}"
3f50ae,2025-04-23 18:33:59,PICK,calc,
705755,2025-04-23 18:34:03,TEST,calc,0
ac95ed,2025-04-23 18:34:58,OPEN,,
3ffad8,2025-04-23 18:35:01,PICK,calc,
8694d0,2025-04-23 18:38:47,BACK,calc,
97e5a7,2025-04-23 18:40:41,PICK,calc,
5f6930,2025-04-23 18:58:47,FREE,calc,
29a87b,2025-04-23 19:27:36,TEST,calc,100
adbc11,2025-04-23 19:28:24,BACK,calc,
d2f3ff,2025-04-23 19:29:37,SELF,calc,"{c:100,a:6,s:4}"
59a0c1,2025-04-23 19:30:41,DOWN,guarda,
01ba5e,2025-04-23 19:30:43,PICK,guarda,
0b9293,2025-04-24 21:06:49,OPEN,,
20a431,2025-04-24 21:06:50,PICK,guarda,
eb95d5,2025-04-24 21:06:54,TEST,guarda,0
9bd234,2025-04-24 21:06:54,BACK,guarda,
2b3265,2025-04-25 02:43:43,OPEN,,
0e652d,2025-04-25 02:44:00,PICK,guarda,
982809,2025-04-25 02:44:01,TEST,guarda,0
c644bc,2025-04-25 03:00:31,FREE,guarda,
969a2d,2025-04-25 03:00:45,TEST,guarda,42
d3e228,2025-04-25 03:00:46,TEST,guarda,42
1a9bcf,2025-04-25 03:01:10,TEST,guarda,14
ea5a4f,2025-04-25 03:02:36,TEST,guarda,14
fe392f,2025-04-25 03:02:58,TEST,guarda,14
95e3ba,2025-04-25 03:04:53,TEST,guarda,14
3e810f,2025-04-25 03:05:20,TEST,guarda,42
93c8dc,2025-04-25 03:07:20,TEST,guarda,42
709d04,2025-04-25 03:08:21,TEST,guarda,42
b7e449,2025-04-25 03:10:17,FREE,guarda,
873e24,2025-04-25 03:13:49,TEST,guarda,14
cc1f0e,2025-04-25 03:16:55,TEST,guarda,0
febeaa,2025-04-25 03:17:13,TEST,guarda,0
27f823,2025-04-25 03:17:13,TEST,guarda,0
82d212,2025-04-25 03:17:15,TEST,guarda,0
289257,2025-04-25 03:17:16,TEST,guarda,0
ee9da7,2025-04-25 03:17:27,TEST,guarda,0
fb80fe,2025-04-25 03:18:20,BACK,guarda,
4b0b34,2025-04-25 03:18:35,PICK,impar,
6b5f07,2025-04-27 04:19:32,OPEN,,
d90d5d,2025-04-27 04:19:37,PICK,guarda,
7ac158,2025-04-27 04:20:29,TEST,guarda,14
3b6a4e,2025-04-27 04:20:34,BACK,guarda,
358edd,2025-04-27 04:20:35,PICK,guarda,
90aaad,2025-04-27 04:22:16,TEST,guarda,42
8fdff4,2025-04-27 04:22:29,TEST,guarda,42
b2dbec,2025-04-27 04:22:44,TEST,guarda,28
4e30c7,2025-04-27 04:26:00,TEST,guarda,14
ef9261,2025-04-27 04:27:03,TEST,guarda,14
702434,2025-04-27 04:27:52,TEST,guarda,14
c4b430,2025-04-27 04:28:09,TEST,guarda,0
2009a9,2025-04-27 04:28:21,TEST,guarda,0
795034,2025-04-27 04:28:44,TEST,guarda,0
ab0520,2025-04-27 04:30:36,TEST,guarda,0
757118,2025-04-27 04:33:20,TEST,guarda,0
3dc27c,2025-04-27 04:34:25,TEST,guarda,14
ad2871,2025-04-27 04:34:54,FREE,guarda,
de8ce0,2025-04-27 04:39:34,OPEN,,
68074a,2025-04-27 04:39:39,PICK,guarda,
3a3194,2025-04-27 04:39:41,TEST,guarda,85
390c26,2025-04-27 04:40:06,TEST,guarda,100
6c583e,2025-04-27 04:40:13,BACK,guarda,
c9f372,2025-04-27 04:40:46,SELF,guarda,"{c:100,a:4,s:5}"
7f0acd,2025-04-27 04:41:01,PICK,quantos,
480b82,2025-04-27 04:54:30,TEST,quantos,0
00ca19,2025-04-27 04:55:45,TEST,quantos,37
8fff5a,2025-04-27 04:59:59,TEST,quantos,37
03f001,2025-04-27 05:01:53,TEST,quantos,37
069a5f,2025-04-27 05:03:21,TEST,quantos,37
3e0b61,2025-04-27 05:06:15,TEST,quantos,37
357034,2025-04-27 05:06:37,TEST,quantos,75
809ec4,2025-04-27 05:07:10,TEST,quantos,87
670185,2025-04-27 05:07:31,TEST,quantos,87
c2f44c,2025-04-27 05:07:41,FREE,quantos,
be46cf,2025-04-27 05:08:32,TEST,quantos,62
4b5130,2025-04-27 05:08:47,OPEN,,
8bd446,2025-04-27 05:08:49,PICK,quantos,
b716d6,2025-04-27 05:09:17,TEST,quantos,87
c44aac,2025-04-27 05:10:19,TEST,quantos,100
854e2b,2025-04-27 05:10:23,TEST,quantos,100
3a0b79,2025-04-27 05:10:30,BACK,quantos,
d5ac22,2025-04-27 05:11:03,SELF,quantos,"{c:100,a:5,s:5}"
8c9119,2025-04-27 05:11:16,PICK,impar,
bc3cd2,2025-04-27 05:11:17,TEST,impar,0
05035d,2025-04-27 05:24:06,TEST,impar,100
db6e15,2025-04-27 05:24:43,BACK,impar,
d96005,2025-04-27 05:25:12,SELF,impar,"{c:100,a:6,s:5}"
cb5a65,2025-04-27 05:25:21,DOWN,round,
c99d8c,2025-04-27 05:25:22,PICK,round,
04f333,2025-04-27 05:46:23,TEST,round,0
fcfdf3,2025-04-27 22:08:16,OPEN,,
ff8fcb,2025-04-27 22:08:18,PICK,round,
79f13d,2025-04-27 22:08:20,TEST,round,0
a71c86,2025-04-27 22:09:52,TEST,round,0
b9fe06,2025-04-27 22:10:15,TEST,round,0
bbe724,2025-04-27 22:12:08,TEST,round,0
4fb488,2025-04-27 22:14:26,TEST,round,0
1a1abb,2025-04-27 22:15:00,FREE,round,
3866a7,2025-04-27 22:15:30,TEST,round,0
f3afd3,2025-04-27 22:56:05,OPEN,,
e58984,2025-04-27 22:56:05,PICK,round,
b94fdc,2025-04-27 22:56:10,TEST,round,0
d211ab,2025-04-27 22:59:04,TEST,round,0
210573,2025-04-27 22:59:24,TEST,round,0
96a5fb,2025-04-27 23:00:08,TEST,round,0
5a6151,2025-04-27 23:00:30,TEST,round,75
b23528,2025-04-27 23:01:16,TEST,round,0
5153bc,2025-04-27 23:01:17,TEST,round,0
d7fb91,2025-04-27 23:01:18,TEST,round,0
f0016c,2025-04-27 23:01:29,TEST,round,0
ee03bc,2025-04-27 23:01:44,OPEN,,
bf5179,2025-04-27 23:01:47,PICK,round,
8dd137,2025-04-27 23:01:50,TEST,round,0
0a1358,2025-04-27 23:01:56,TEST,round,75
351437,2025-04-27 23:02:43,TEST,round,0
83bbd2,2025-04-27 23:02:56,OPEN,,
a476fa,2025-04-27 23:03:19,PICK,round,
5fa75e,2025-04-27 23:03:21,TEST,round,0
21fd32,2025-04-27 23:03:35,TEST,round,75
9d028b,2025-04-27 23:07:01,TEST,round,0
008dcd,2025-04-27 23:07:11,TEST,round,0
17dc5d,2025-04-27 23:07:49,TEST,round,0
f8e5ce,2025-04-27 23:08:00,TEST,round,0
584464,2025-04-27 23:08:36,OPEN,,
5f424a,2025-04-27 23:08:42,PICK,round,
a0fe86,2025-04-27 23:08:47,TEST,round,75
118af7,2025-04-27 23:09:38,TEST,round,75
ed718f,2025-04-27 23:10:17,TEST,round,100
815602,2025-04-27 23:10:37,TEST,round,0
80bfda,2025-04-27 23:12:18,TEST,round,100
517992,2025-04-27 23:12:23,BACK,round,
9a36e7,2025-04-27 23:13:04,SELF,round,"{c:100,a:4,s:4}"
49b4c3,2025-04-27 23:13:33,DOWN,mumia,
e5b279,2025-04-27 23:13:34,PICK,mumia,
6581d7,2025-04-27 23:20:06,FREE,mumia,
51a709,2025-04-27 23:26:40,TEST,mumia,0
9f4d15,2025-04-27 23:29:30,FREE,mumia,
5e7b82,2025-04-27 23:33:44,TEST,mumia,100
839d77,2025-04-27 23:33:51,TEST,mumia,100
288e07,2025-04-27 23:33:52,BACK,mumia,
ff370a,2025-04-27 23:34:08,SELF,mumia,"{c:100,a:6,s:5}"
314a7a,2025-04-27 23:34:13,PICK,meio,
d7990e,2025-04-27 23:39:30,FREE,meio,
405b48,2025-04-27 23:39:45,TEST,meio,60
63d767,2025-04-27 23:40:20,TEST,meio,40
740bbc,2025-04-27 23:40:32,TEST,meio,40
3455df,2025-04-27 23:40:41,OPEN,,
4546aa,2025-04-27 23:40:42,PICK,meio,
701315,2025-04-27 23:40:48,TEST,meio,40
b611f5,2025-04-27 23:41:14,TEST,meio,60
bdd86b,2025-04-27 23:42:03,TEST,meio,80
cdbbd9,2025-04-27 23:42:35,TEST,meio,60
9551d3,2025-04-27 23:42:46,TEST,meio,80
d1acfe,2025-04-27 23:42:56,FREE,meio,
7566ae,2025-04-27 23:46:10,FREE,meio,
81afec,2025-04-27 23:46:22,TEST,meio,100
1473ae,2025-04-27 23:46:30,BACK,meio,
a5155b,2025-04-27 23:46:50,SELF,meio,"{c:100,a:5,s:5}"
a30907,2025-04-27 23:47:04,DOWN,jokenpo,
bf182f,2025-04-27 23:47:05,PICK,jokenpo,
a8068f,2025-04-27 23:55:31,FREE,jokenpo,
519ce5,2025-04-27 23:55:42,TEST,jokenpo,37
985de1,2025-04-27 23:56:30,TEST,jokenpo,37
55649a,2025-04-27 23:57:44,TEST,jokenpo,37
330d49,2025-04-27 23:58:08,TEST,jokenpo,37
31ba45,2025-04-27 23:58:49,TEST,jokenpo,0
72f989,2025-04-27 23:58:49,TEST,jokenpo,0
9ee381,2025-04-27 23:58:57,TEST,jokenpo,37
68ea6a,2025-04-27 23:59:39,FREE,jokenpo,
274ba7,2025-04-28 00:01:47,TEST,jokenpo,37
710348,2025-04-28 00:01:49,TEST,jokenpo,37
2e3b8b,2025-04-28 00:02:18,TEST,jokenpo,37
8c260e,2025-04-28 00:02:22,FREE,jokenpo,
67faa3,2025-04-28 00:03:22,TEST,jokenpo,0
e30130,2025-04-28 00:06:14,FREE,jokenpo,
1d0ef3,2025-04-28 00:07:54,TEST,jokenpo,0
ef43bc,2025-04-28 00:08:17,TEST,jokenpo,0
f2b512,2025-04-28 00:09:06,TEST,jokenpo,0
50ecb0,2025-04-28 00:11:01,TEST,jokenpo,0
43efc2,2025-04-28 00:11:37,TEST,jokenpo,0
929503,2025-04-28 00:12:09,TEST,jokenpo,0
51db0d,2025-04-28 00:12:43,TEST,jokenpo,25
eaaf59,2025-04-28 00:12:51,TEST,jokenpo,25
bdfdf2,2025-04-28 00:13:04,TEST,jokenpo,0
8321bb,2025-04-28 00:13:12,OPEN,,
571d23,2025-04-28 00:13:14,PICK,jokenpo,
846210,2025-04-28 00:15:13,TEST,jokenpo,37
bd6579,2025-04-28 00:16:39,TEST,jokenpo,37
852248,2025-04-28 00:16:56,TEST,jokenpo,37
aba15b,2025-04-28 00:17:28,TEST,jokenpo,25
a10eed,2025-04-28 00:19:10,TEST,jokenpo,25
c46336,2025-04-28 00:21:03,TEST,jokenpo,37
788910,2025-04-28 00:23:27,BACK,jokenpo,
a7a0ad,2025-04-28 18:31:26,OPEN,,
59bfb3,2025-04-28 18:31:37,PICK,jokenpo,
2d52f0,2025-04-28 18:37:11,TEST,jokenpo,100
28341c,2025-04-28 18:38:47,TEST,jokenpo,37
6d3de2,2025-04-28 18:39:29,OPEN,,
19e677,2025-04-28 18:41:06,SELF,jokenpo,"{c:100,a:5,s:5}"
e20348,2025-04-28 18:43:27,DOWN,final,
fc8eb0,2025-04-28 18:43:29,PICK,final,
8743b4,2025-04-28 19:02:38,FREE,final,
385817,2025-04-28 19:02:59,TEST,final,20
a843b8,2025-04-28 19:03:18,TEST,final,20
c1fd45,2025-04-28 19:07:16,TEST,final,80
6f368d,2025-04-28 19:07:31,TEST,final,80
370999,2025-04-28 19:09:00,FREE,final,
94031b,2025-04-28 19:10:16,TEST,final,80
a26402,2025-04-28 19:13:14,TEST,final,80
78909a,2025-04-28 19:14:56,TEST,final,80
a4cf3b,2025-04-28 19:15:37,TEST,final,100
5615b4,2025-04-28 19:15:42,BACK,final,
931e6d,2025-04-28 19:16:26,SELF,final,"{c:100,a:5,s:5}"
d6d8d6,2025-04-28 19:22:30,DOWN,semana,
5d4e00,2025-04-28 19:22:31,PICK,semana,
c076d3,2025-04-28 19:39:58,BACK,semana,
7fd4ed,2025-04-28 19:40:15,DOWN,loop_i,
7e3904,2025-04-28 19:40:16,PICK,loop_i,
f5af8d,2025-04-28 19:51:25,TEST,loop_i,100
816f2c,2025-04-28 19:51:34,FREE,loop_i,
32242b,2025-04-28 19:51:58,TEST,loop_i,100
ad671a,2025-04-28 19:51:59,BACK,loop_i,
f3394a,2025-04-28 19:52:19,SELF,loop_i,"{c:100,a:6,s:4}"
3ff7ec,2025-04-28 19:55:16,DOWN,loop_ii,
938547,2025-04-28 19:55:17,PICK,loop_ii,
89e39b,2025-04-28 20:01:18,TEST,loop_ii,0
ff0b8f,2025-04-28 20:01:22,TEST,loop_ii,0
397bc3,2025-04-28 20:01:26,TEST,loop_ii,0
ab84ac,2025-04-28 20:01:30,TEST,loop_ii,0
f2baa0,2025-04-28 20:02:01,TEST,loop_ii,0
4b7e78,2025-04-28 20:07:25,TEST,loop_ii,0
0eb25e,2025-04-28 20:08:42,TEST,loop_ii,0
238df4,2025-04-28 20:08:55,TEST,loop_ii,0
421a64,2025-04-28 20:09:04,TEST,loop_ii,0
aec999,2025-04-28 20:09:39,TEST,loop_ii,0
3f236f,2025-04-28 20:09:42,BACK,loop_ii,
5235e8,2025-04-28 20:09:46,SELF,loop_ii,"{c:0,a:0,s:0}"
3b964f,2025-04-28 20:09:48,PICK,loop_ii,
f01dc3,2025-04-28 20:10:57,TEST,loop_ii,0
d45e73,2025-04-28 20:12:13,TEST,loop_ii,0
b6b1e9,2025-04-28 20:12:56,TEST,loop_ii,0
7db424,2025-04-28 20:12:59,TEST,loop_ii,0
561481,2025-04-28 20:13:12,TEST,loop_ii,0
e97096,2025-04-28 20:13:28,TEST,loop_ii,0
d3f51a,2025-04-28 20:14:08,TEST,loop_ii,100
fd50c2,2025-04-28 20:14:19,BACK,loop_ii,
62301d,2025-04-28 20:14:53,SELF,loop_ii,"{c:100,a:5,s:4}"
7067e2,2025-04-28 20:14:53,PICK,loop_ii,
1eef42,2025-04-28 20:14:56,BACK,loop_ii,
965077,2025-04-28 20:15:01,DOWN,loop_iii,
0c11f2,2025-04-28 20:15:02,PICK,loop_iii,
2a7afe,2025-04-28 20:17:02,TEST,loop_iii,0
cbd22e,2025-04-28 20:17:59,TEST,loop_iii,0
d5a5f3,2025-04-28 20:18:10,TEST,loop_iii,0
c79f3f,2025-04-28 20:18:46,TEST,loop_iii,0
6c7f15,2025-04-28 20:19:01,TEST,loop_iii,0
8ff489,2025-04-28 20:21:33,TEST,loop_iii,0
c07d2f,2025-04-28 20:21:37,TEST,loop_iii,0
47d44e,2025-04-29 02:21:07,OPEN,,
3b5df2,2025-04-29 02:21:32,PICK,semana,
cec100,2025-04-29 02:32:51,FREE,semana,
fb5bf9,2025-04-29 02:33:04,TEST,semana,89
914f0a,2025-04-29 02:33:41,TEST,semana,100
cab28d,2025-04-29 02:33:44,BACK,semana,
53466c,2025-04-29 02:34:08,SELF,semana,"{c:100,a:6,s:5}"
b667d6,2025-04-29 02:34:12,DOWN,varetas,
8718a6,2025-04-29 02:34:12,PICK,varetas,
504136,2025-04-29 02:39:19,TEST,varetas,49
ad0c76,2025-04-29 02:40:29,TEST,varetas,49
95e707,2025-04-29 02:40:51,TEST,varetas,49
8bee8f,2025-04-29 02:42:22,TEST,varetas,53
be814a,2025-04-29 02:44:39,TEST,varetas,51
f88d7f,2025-04-29 02:45:14,TEST,varetas,51
f436d3,2025-04-29 02:46:18,TEST,varetas,51
b4b6cc,2025-04-29 02:48:35,TEST,varetas,96
19caad,2025-04-29 02:49:08,TEST,varetas,49
958225,2025-04-29 02:49:30,TEST,varetas,96
54e42b,2025-04-29 02:50:44,TEST,varetas,51
56c6ce,2025-04-29 02:51:26,TEST,varetas,4
06f140,2025-04-29 02:51:59,TEST,varetas,100
faa040,2025-04-29 02:52:37,BACK,varetas,
81672b,2025-04-29 02:53:08,SELF,varetas,"{c:100,a:5,s:5}"
876875,2025-04-29 02:53:16,DOWN,bhaskara,
dbc39a,2025-04-29 02:53:17,PICK,bhaskara,
6289b6,2025-04-29 03:09:10,TEST,bhaskara,42
6aa801,2025-04-29 03:10:48,TEST,bhaskara,57
466fbd,2025-04-29 03:13:18,TEST,bhaskara,57
bfac60,2025-04-29 03:13:53,TEST,bhaskara,57
abf186,2025-04-29 03:14:20,TEST,bhaskara,0
4fae4f,2025-04-29 03:14:45,TEST,bhaskara,0
20923a,2025-04-29 03:15:14,TEST,bhaskara,57
d714ca,2025-04-29 03:15:14,TEST,bhaskara,57
671814,2025-04-29 03:16:49,OPEN,,
4acf27,2025-04-29 03:25:00,PICK,bhaskara,
b15179,2025-04-29 03:25:02,TEST,bhaskara,0
2d6fe5,2025-04-29 03:25:08,TEST,bhaskara,0
563831,2025-04-29 03:27:03,TEST,bhaskara,0
42c268,2025-04-29 03:27:36,TEST,bhaskara,0
3515b3,2025-04-29 03:27:59,TEST,bhaskara,0
a75c61,2025-04-29 03:28:18,TEST,bhaskara,14
809266,2025-04-29 03:28:30,TEST,bhaskara,14
23eb57,2025-04-29 03:28:49,TEST,bhaskara,42
250667,2025-04-29 03:29:20,TEST,bhaskara,85
90c811,2025-04-29 03:31:36,TEST,bhaskara,85
4f62bc,2025-04-29 03:36:45,TEST,bhaskara,85
e6bb90,2025-04-29 03:37:30,TEST,bhaskara,100
d2967f,2025-04-29 03:38:30,BACK,bhaskara,
39ecad,2025-04-29 03:38:58,SELF,bhaskara,"{c:100,a:5,s:5}"
ddd85b,2025-04-29 03:39:27,DOWN,cortada,
471384,2025-04-29 03:39:28,PICK,cortada,
462034,2025-04-29 03:41:59,BACK,cortada,
2f33b4,2025-04-29 03:42:05,PICK,cortada,
568aa3,2025-04-29 03:56:55,TEST,cortada,15
1e1d7e,2025-04-29 03:57:08,TEST,cortada,15
0120d1,2025-04-29 03:59:21,TEST,cortada,24
b4bf79,2025-04-29 03:59:33,TEST,cortada,24
41be7b,2025-04-29 04:00:18,TEST,cortada,24
b956e1,2025-04-29 04:03:01,TEST,cortada,24
d72eb6,2025-04-29 04:03:55,TEST,cortada,27
76dbf8,2025-04-29 04:04:13,TEST,cortada,27
173f00,2025-04-29 04:05:22,TEST,cortada,27
3014f1,2025-04-29 04:05:57,TEST,cortada,27
c7ba18,2025-04-29 04:06:32,TEST,cortada,15
a60d64,2025-04-29 04:07:20,TEST,cortada,27
621b27,2025-04-29 04:07:50,TEST,cortada,27
fffe65,2025-04-29 18:41:18,OPEN,,
ad432d,2025-04-29 18:41:19,PICK,cortada,
ded20f,2025-04-29 18:41:22,BACK,cortada,
f7fb86,2025-04-29 18:41:42,PICK,cortada,
aa2842,2025-04-29 18:42:13,TEST,cortada,27
c0eddf,2025-04-29 18:42:18,TEST,cortada,27
16d814,2025-04-29 18:47:50,TEST,cortada,27
4b8892,2025-04-29 18:48:58,BACK,cortada,
2e6a26,2025-04-29 18:49:05,DOWN,salario,
538598,2025-04-29 18:49:06,PICK,salario,
5894e3,2025-04-29 18:55:26,TEST,salario,0
5e4715,2025-04-29 18:55:54,TEST,salario,100
a36f5f,2025-04-29 18:55:59,BACK,salario,
dfa458,2025-04-29 18:56:18,SELF,salario,"{c:100,a:6,s:5}"
edc3bc,2025-04-29 18:57:59,DOWN,game10,
c62df7,2025-04-29 18:58:00,PICK,game10,
c19542,2025-05-05 18:25:56,OPEN,,
9c00ad,2025-05-05 18:25:56,PICK,game10,
de4806,2025-05-05 18:25:58,BACK,game10,
d00325,2025-05-05 18:26:32,SELF,cobra,"{c:0,a:0,s:0}"
5e2731,2025-05-05 18:26:40,SELF,final,"{c:100,a:5,s:5}"
cad00b,2025-05-05 18:26:41,SELF,final,"{c:100,a:5,s:5}"
418948,2025-05-05 18:26:45,PICK,cortada,
474829,2025-05-05 18:26:58,BACK,cortada,
08a7fd,2025-05-05 18:27:07,SELF,cortada,"{c:27,a:0,s:0}"
3671d2,2025-05-05 18:27:09,SELF,cortada,"{c:27,a:0,s:0}"
7e0755,2025-05-05 18:27:11,PICK,cortada,
6b3795,2025-05-05 18:27:35,TEST,cortada,0
1d6892,2025-05-05 18:28:25,TEST,cortada,27
eb055f,2025-05-05 18:28:35,BACK,cortada,
5fd9e5,2025-05-05 18:28:43,DOWN,monica,
ec1f5e,2025-05-05 18:28:44,PICK,monica,
261260,2025-05-05 18:33:13,TEST,monica,62
f50f3f,2025-05-05 18:33:42,TEST,monica,0
562025,2025-05-05 18:33:52,TEST,monica,62
f30d5c,2025-05-05 18:39:06,TEST,monica,0
71faf5,2025-05-05 18:39:50,TEST,monica,62
1fa4b8,2025-05-05 18:42:50,TEST,monica,100
860962,2025-05-05 18:42:53,TEST,monica,100
fd7b05,2025-05-05 18:42:53,BACK,monica,
9e100e,2025-05-05 18:43:14,SELF,monica,"{c:100,a:5,s:5}"
8c4a24,2025-05-05 18:43:48,PICK,game10,
2b7fc0,2025-05-05 18:43:49,TEST,game10,0
61b5c9,2025-05-05 18:44:14,TEST,game10,0
123823,2025-05-05 19:03:07,BACK,game10,
e97fb5,2025-05-05 19:03:24,PICK,game10,
8710eb,2025-05-05 19:04:15,BACK,game10,
a83799,2025-05-05 19:04:20,DOWN,pares,
7b925d,2025-05-05 19:04:21,PICK,pares,
a870cd,2025-05-05 19:10:16,TEST,pares,14
2b5de8,2025-05-05 19:11:14,BACK,pares,
0049cf,2025-05-05 19:50:42,OPEN,,
ebc79d,2025-05-05 19:50:55,PICK,loop_iii,
737a25,2025-05-05 19:51:26,BACK,loop_iii,
7446e0,2025-05-05 19:51:38,PICK,loop_iii,
e074da,2025-05-05 19:54:43,FREE,loop_iii,
7ac57f,2025-05-05 19:55:04,BACK,loop_iii,
7e681e,2025-05-05 19:55:04,PICK,loop_iii,
b2e70f,2025-05-05 19:55:32,TEST,loop_iii,0
5633c8,2025-05-05 19:55:59,TEST,loop_iii,0
af85d9,2025-05-05 19:56:34,TEST,loop_iii,0
1e201b,2025-05-05 19:57:30,TEST,loop_iii,0
a23c00,2025-05-05 19:58:16,TEST,loop_iii,0
c5642e,2025-05-05 19:58:35,OPEN,,
21af3c,2025-05-05 19:58:38,PICK,loop_iii,
be55de,2025-05-05 19:59:29,TEST,loop_iii,0
1e914d,2025-05-05 19:59:44,TEST,loop_iii,0
23d0d6,2025-05-05 20:00:20,TEST,loop_iii,0
995dbc,2025-05-05 20:00:34,TEST,loop_iii,0
ff9480,2025-05-05 20:09:53,BACK,loop_iii,
44f5fb,2025-05-05 20:11:25,DOWN,concentra,
6ab298,2025-05-05 20:11:25,PICK,concentra,
7cf710,2025-05-05 20:18:40,TEST,concentra,0
c8a909,2025-05-05 20:19:47,TEST,concentra,0
f2a43e,2025-05-05 20:19:53,TEST,concentra,0
851cfa,2025-05-05 20:19:57,TEST,concentra,0
d29117,2025-05-05 20:20:01,TEST,concentra,0
349ee8,2025-05-05 20:20:05,TEST,concentra,0
7e069b,2025-05-05 20:20:36,TEST,concentra,0
c423b3,2025-05-05 20:21:38,OPEN,,
41b848,2025-05-05 20:21:40,PICK,concentra,
d65bdf,2025-05-05 20:24:05,TEST,concentra,0
1a1484,2025-05-05 20:24:27,TEST,concentra,0
b0420a,2025-05-05 20:24:28,TEST,concentra,0
5ee043,2025-05-05 20:25:16,TEST,concentra,0
d004f2,2025-05-05 20:25:35,TEST,concentra,0
562f57,2025-05-05 20:25:45,TEST,concentra,0
fa9fb6,2025-05-05 20:26:19,TEST,concentra,100
f31b2e,2025-05-05 20:26:29,TEST,concentra,100
78f039,2025-05-05 20:26:30,BACK,concentra,
f0c371,2025-05-05 20:27:02,SELF,concentra,"{c:100,a:3,s:3}"
2cd441,2025-05-06 18:36:35,OPEN,,
2e455f,2025-05-06 18:37:58,SELF,fuga,"{c:0,a:0,s:0}"
2f9c26,2025-05-06 18:38:16,PICK,loop_iii,
d9f6da,2025-05-06 18:40:24,BACK,loop_iii,
6846e1,2025-05-06 18:40:41,PICK,loop_i,
353997,2025-05-06 18:44:26,BACK,loop_i,
06adc6,2025-05-06 18:48:03,DOWN,vet_i,
52450c,2025-05-06 18:48:04,PICK,vet_i,
cfefb5,2025-05-06 19:45:45,OPEN,,
