2025-04-29_02-39-19,049%,draft.go:2025-04-29_02-39-19
2025-04-29_02-40-29,049%,draft.go:2025-04-29_02-40-29
2025-04-29_02-40-51,049%,draft.go:2025-04-29_02-40-51
2025-04-29_02-42-22,053%,draft.go:2025-04-29_02-42-22
2025-04-29_02-44-39,051%,draft.go:2025-04-29_02-44-39
2025-04-29_02-45-14,051%,draft.go:2025-04-29_02-45-14
2025-04-29_02-46-18,051%,draft.go:2025-04-29_02-46-18
2025-04-29_02-48-35,096%,draft.go:2025-04-29_02-48-35
2025-04-29_02-49-08,049%,draft.go:2025-04-29_02-49-08
2025-04-29_02-49-30,096%,draft.go:2025-04-29_02-49-30
2025-04-29_02-50-44,051%,draft.go:2025-04-29_02-50-44
2025-04-29_02-51-26,004%,draft.go:2025-04-29_02-51-26
2025-04-29_02-51-59,100%,draft.go:2025-04-29_02-51-59
