2025-04-21_20-35-15,000%,Readme.md:2025-04-21_20-35-15;draft.go:2025-04-21_20-35-15
2025-04-21_20-37-29,000%,draft.go:2025-04-21_20-35-15;Readme.md:2025-04-21_20-35-15
2025-04-21_20-37-29,000%,draft.go:2025-04-21_20-35-15;Readme.md:2025-04-21_20-35-15
2025-04-21_20-37-30,000%,draft.go:2025-04-21_20-35-15;Readme.md:2025-04-21_20-35-15
2025-04-21_20-37-31,000%,draft.go:2025-04-21_20-35-15;Readme.md:2025-04-21_20-35-15
2025-04-21_20-37-31,000%,draft.go:2025-04-21_20-35-15;Readme.md:2025-04-21_20-35-15
2025-04-21_20-39-52,000%,draft.go:2025-04-21_20-39-52;Readme.md:2025-04-21_20-35-15
2025-04-21_20-42-04,000%,draft.go:2025-04-21_20-42-04;Readme.md:2025-04-21_20-35-15
2025-04-21_20-42-17,000%,draft.go:2025-04-21_20-42-17;Readme.md:2025-04-21_20-35-15
2025-04-21_20-42-18,000%,draft.go:2025-04-21_20-42-17;Readme.md:2025-04-21_20-35-15
2025-04-21_20-43-27,000%,draft.go:2025-04-21_20-43-27;Readme.md:2025-04-21_20-35-15
2025-04-21_20-44-01,000%,draft.go:2025-04-21_20-44-01;Readme.md:2025-04-21_20-35-15
2025-04-21_20-47-52,000%,draft.go:2025-04-21_20-47-52;Readme.md:2025-04-21_20-35-15
2025-04-21_20-48-22,000%,draft.go:2025-04-21_20-48-22;Readme.md:2025-04-21_20-35-15
2025-04-21_20-49-17,000%,draft.go:2025-04-21_20-49-17;Readme.md:2025-04-21_20-35-15
2025-04-21_20-50-28,000%,draft.go:2025-04-21_20-50-28;Readme.md:2025-04-21_20-35-15
2025-04-23_02-50-43,000%,draft.go:2025-04-23_02-50-43
2025-04-23_02-51-52,000%,draft.go:2025-04-23_02-51-52
2025-04-23_02-55-34,000%,draft.go:2025-04-23_02-55-34
2025-04-23_02-57-08,000%,draft.go:2025-04-23_02-55-34
2025-04-23_03-02-00,000%,draft.go:2025-04-23_03-02-00
2025-04-23_03-03-47,000%,draft.go:2025-04-23_03-03-47
2025-04-23_03-03-48,000%,draft.go:2025-04-23_03-03-47
2025-04-23_03-04-13,100%,draft.go:2025-04-23_03-04-13
2025-04-23_03-04-58,100%,draft.go:2025-04-23_03-04-58
