2025-04-29_03-56-55,015%,draft.go:2025-04-29_03-56-55
2025-04-29_03-57-08,015%,draft.go:2025-04-29_03-57-08
2025-04-29_03-59-21,024%,draft.go:2025-04-29_03-59-21
2025-04-29_03-59-33,024%,draft.go:2025-04-29_03-59-33
2025-04-29_04-00-18,024%,draft.go:2025-04-29_04-00-18
2025-04-29_04-03-01,024%,draft.go:2025-04-29_04-03-01
2025-04-29_04-03-55,027%,draft.go:2025-04-29_04-03-55
2025-04-29_04-04-13,027%,draft.go:2025-04-29_04-04-13
2025-04-29_04-05-22,027%,draft.go:2025-04-29_04-05-22
2025-04-29_04-05-57,027%,draft.go:2025-04-29_04-05-57
2025-04-29_04-06-32,015%,draft.go:2025-04-29_04-06-32
2025-04-29_04-07-20,027%,draft.go:2025-04-29_04-07-20
2025-04-29_04-07-50,027%,draft.go:2025-04-29_04-07-50
2025-04-29_18-42-13,027%,draft.go:2025-04-29_04-07-50
2025-04-29_18-42-18,027%,draft.go:2025-04-29_04-07-50
2025-04-29_18-47-50,027%,draft.go:2025-04-29_18-47-50
2025-05-05_18-27-35,000%,draft.go:2025-05-05_18-27-35
2025-05-05_18-28-25,027%,draft.go:2025-05-05_18-28-25
