2025-04-29_03-09-10,042%,draft.go:2025-04-29_03-09-10
2025-04-29_03-10-48,057%,draft.go:2025-04-29_03-10-48
2025-04-29_03-13-18,057%,draft.go:2025-04-29_03-13-18
2025-04-29_03-13-53,057%,draft.go:2025-04-29_03-13-53
2025-04-29_03-14-20,000%,draft.go:2025-04-29_03-14-20
2025-04-29_03-14-45,000%,draft.go:2025-04-29_03-14-20
2025-04-29_03-15-14,057%,draft.go:2025-04-29_03-15-14
2025-04-29_03-15-14,057%,draft.go:2025-04-29_03-15-14
2025-04-29_03-25-02,000%,draft.go:2025-04-29_03-25-02
2025-04-29_03-25-08,000%,draft.go:2025-04-29_03-25-02
2025-04-29_03-27-03,000%,draft.go:2025-04-29_03-27-03
2025-04-29_03-27-36,000%,draft.go:2025-04-29_03-27-36
2025-04-29_03-27-59,000%,draft.go:2025-04-29_03-27-59
2025-04-29_03-28-18,014%,draft.go:2025-04-29_03-28-18
2025-04-29_03-28-30,014%,draft.go:2025-04-29_03-28-30
2025-04-29_03-28-49,042%,draft.go:2025-04-29_03-28-49
2025-04-29_03-29-20,085%,draft.go:2025-04-29_03-29-20
2025-04-29_03-31-36,085%,draft.go:2025-04-29_03-31-36
2025-04-29_03-36-45,085%,draft.go:2025-04-29_03-36-45
2025-04-29_03-37-30,100%,draft.go:2025-04-29_03-37-30
