2025-05-05_20-18-40,000%,draft.go:2025-05-05_20-18-40
2025-05-05_20-19-47,000%,draft.go:2025-05-05_20-19-47
2025-05-05_20-19-53,000%,draft.go:2025-05-05_20-19-47
2025-05-05_20-19-57,000%,draft.go:2025-05-05_20-19-47
2025-05-05_20-20-01,000%,draft.go:2025-05-05_20-19-47
2025-05-05_20-20-05,000%,draft.go:2025-05-05_20-19-47
2025-05-05_20-20-36,000%,draft.go:2025-05-05_20-20-36
2025-05-05_20-24-05,000%,draft.go:2025-05-05_20-24-05
2025-05-05_20-24-27,000%,draft.go:2025-05-05_20-24-27
2025-05-05_20-24-28,000%,draft.go:2025-05-05_20-24-27
2025-05-05_20-25-16,000%,draft.go:2025-05-05_20-25-16
2025-05-05_20-25-35,000%,draft.go:2025-05-05_20-25-35
2025-05-05_20-25-45,000%,draft.go:2025-05-05_20-25-45
2025-05-05_20-26-19,100%,draft.go:2025-05-05_20-26-19
2025-05-05_20-26-29,100%,draft.go:2025-05-05_20-26-19
